Workbook

Sheet Assets
A1: Assets dos equipamentos do IbiFX
A2: Preencha só as colunas amarelas (Status, Arquivo do asset, Observações). Status: Pendente, Em produção ou Pronto. Ex.: Status = Pronto, Arquivo = assets/gear/stomp.gate.png. Referências 'Inferido' são leitura do nome/cor/descrição, não estão no código. Ilustrações próprias, sem logos ou marcas de terceiros.
A4: Categoria | B4: Nome no IbiFX | C4: Id no código | D4: Provável referência | E4: Origem da referência | F4: Knobs no painel | G4: Formato na signal chain | H4: Status | I4: Arquivo do asset | J4: Observações
A5: Pedal | B5: Noise Gate | C5: stomp.gate | D5: Boss NS-2 (o Decay dele = nosso Release; sem o knob Mode) | E5: Inferido | F5: Threshold, Release | G5: Pedal | H5: Pendente
A6: Pedal | B6: Orange Squeeze | C6: stomp.orange-squeeze | D6: MXR Dyna Comp (a versão laranja dos anos 70/80) | E6: Confirmado no código | F6: Sensitivity, Output | G6: Pedal | H6: Pendente
A7: Pedal | B7: Clean Boost | C7: stomp.clean-boost | D7: MXR Micro Amp / booster limpo | E7: Inferido | F7: Gain | G7: Pedal | H7: Pendente
A8: Pedal | B8: Green Screamer | C8: stomp.green-screamer | D8: Ibanez Tube Screamer (TS808/TS9) | E8: Inferido | F8: Drive, Low Cut, Level | G8: Pedal | H8: Pendente
A9: Pedal | B9: Yellow Drive | C9: stomp.yellow-drive | D9: Boss SD-1 pela cor; o som (simétrico, transparente) lembra um overdrive transparente | E9: Inferido | F9: Drive, Level | G9: Pedal | H9: Pendente
A10: Pedal | B10: Black Rodent | C10: stomp.black-rodent | D10: ProCo RAT | E10: Inferido | F10: Distortion, Low Cut, Level | G10: Pedal | H10: Pendente
A11: Pedal | B11: Round Fuzz | C11: stomp.round-fuzz | D11: Dallas Arbiter Fuzz Face | E11: Inferido | F11: Fuzz, Bias | G11: Pedal | H11: Pendente
A12: Pedal | B12: Blue Chorus | C12: stomp.blue-chorus | D12: Boss CE-2 (chorus dos anos 80) | E12: Inferido | F12: Rate, Depth, Mix | G12: Pedal | H12: Pendente
A13: Pedal | B13: Analog Echo | C13: stomp.analog-echo | D13: Boss DM-2 / MXR Carbon Copy | E13: Inferido | F13: Time, Feedback, Mix | G13: Pedal | H13: Pendente
A14: Pedal | B14: Spring Room | C14: stomp.spring-room | D14: Reverb de mola de amplificador | E14: Inferido | F14: Decay, Damping, Mix | G14: Pedal | H14: Pendente
A15: Amp | B15: American Clean | C15: amp.american-clean | D15: Fender Twin Reverb | E15: Inferido | F15: Gain, Bass, Middle, Treble, Sag, Master | G15: Amp head | H15: Pendente
A16: Amp | B16: Tweed '59 | C16: amp.tweed-59 | D16: Fender '59 Bassman | E16: Confirmado no código | F16: Gain, Bass, Middle, Treble, Sag, Master | G16: Amp head | H16: Pendente
... A30: Cabinet | B30: Cabinet genérico 1x12/2x12 | C30: (asset para qualquer IR importada) | D30: Caixa combo/1x12 ou 2x12 genérica | E30: Sugestão | F30: Mix | G30: Cabinet | H30: Pendente

Sheet Resumo
A1: Progresso por categoria
A3: Categoria | B3: Total | C3: Pendente | D3: Em produção | E3: Pronto | F3: % pronto
A4: Pedal | B4: =COUNTIF(Assets!$A$5:$A$30,A4) | C4: =COUNTIFS(Assets!$A$5:$A$30,$A4,Assets!$H$5:$H$30,"Pendente") | D4: =COUNTIFS(Assets!$A$5:$A$30,$A4,Assets!$H$5:$H$30,"Em produção") | E4: =COUNTIFS(Assets!$A$5:$A$30,$A4,Assets!$H$5:$H$30,"Pronto") | F4: =IF(B4=0,0,E4/B4)
A5: Amp | B5: =COUNTIF(Assets!$A$5:$A$30,A5) | C5: =COUNTIFS(Assets!$A$5:$A$30,$A5,Assets!$H$5:$H$30,"Pendente") | D5: =COUNTIFS(Assets!$A$5:$A$30,$A5,Assets!$H$5:$H$30,"Em produção") | E5: =COUNTIFS(Assets!$A$5:$A$30,$A5,Assets!$H$5:$H$30,"Pronto") | F5: =IF(B5=0,0,E5/B5)
A6: Rack | B6: =COUNTIF(Assets!$A$5:$A$30,A6) | C6: =COUNTIFS(Assets!$A$5:$A$30,$A6,Assets!$H$5:$H$30,"Pendente") | D6: =COUNTIFS(Assets!$A$5:$A$30,$A6,Assets!$H$5:$H$30,"Em produção") | E6: =COUNTIFS(Assets!$A$5:$A$30,$A6,Assets!$H$5:$H$30,"Pronto") | F6: =IF(B6=0,0,E6/B6)
A7: EQ | B7: =COUNTIF(Assets!$A$5:$A$30,A7) | C7: =COUNTIFS(Assets!$A$5:$A$30,$A7,Assets!$H$5:$H$30,"Pendente") | D7: =COUNTIFS(Assets!$A$5:$A$30,$A7,Assets!$H$5:$H$30,"Em produção") | E7: =COUNTIFS(Assets!$A$5:$A$30,$A7,Assets!$H$5:$H$30,"Pronto") | F7: =IF(B7=0,0,E7/B7)
A8: Cabinet | B8: =COUNTIF(Assets!$A$5:$A$30,A8) | C8: =COUNTIFS(Assets!$A$5:$A$30,$A8,Assets!$H$5:$H$30,"Pendente") | D8: =COUNTIFS(Assets!$A$5:$A$30,$A8,Assets!$H$5:$H$30,"Em produção") | E8: =COUNTIFS(Assets!$A$5:$A$30,$A8,Assets!$H$5:$H$30,"Pronto") | F8: =IF(B8=0,0,E8/B8)
A9: Total | B9: =SUM(B4:B8) | C9: =SUM(C4:C8) | D9: =SUM(D4:D8) | E9: =SUM(E4:E8) | F9: =IF(B9=0,0,E9/B9)
